"documento_id","titulo","tipo_documento","categoria","subcategoria","fecha","equipo_id","dataset_id","modelo_id","experimento_id","componente","capa_medallion","nivel_confidencialidad","version","estado","activo","palabras_clave","contenido"
"DOC-001","Esquema hibrido de computo: criterios de asignacion on-premise y cloud","informe_tecnico","infraestructura_despliegue","hibrida","2026-01-14","EQ01","","","","","","interno","1.0","vigente","true","infraestructura hibrida|on-premise|cloud|escalabilidad","El equipo de Infraestructura y Plataforma (EQ01) documenta el esquema de despliegue vigente para la plataforma de experimentos. La organizacion no opera un unico centro de computo: combina un cluster propio, identificado como cluster-onprem-seguro, con capacidad elastica contratada bajo demanda, identificada como cluster-cloud-elastico.

El criterio de asignacion no es antiguedad ni comodidad, sino sensibilidad y variabilidad de la carga. Los datos de transacciones bancarias (DS05), bajo resguardo de Seguridad y Cumplimiento (EQ06), permanecen exclusivamente en el cluster propio: ningun proceso de entrenamiento ni transformacion puede moverlos fuera del perimetro fisico controlado por la organizacion. En cambio, los entrenamientos intensivos que Ciencia de Datos e IA (EQ03) ejecuta de forma irregular -picos de pocas horas seguidos de semanas sin uso- se resuelven contra la capacidad elastica externa, evitando mantener hardware propio ocioso la mayor parte del ano.

Este reparto no es una preferencia estetica: sostener toda la capacidad de computo dentro de la organizacion obligaria a dimensionar para el pico, no para el promedio, con el consiguiente costo fijo. Sostener todo afuera, en cambio, resultaria inaceptable para el dato bancario por motivos regulatorios y de auditoria.

El informe deja constancia de que ambos entornos comparten convenciones de nombrado, politicas de acceso y un mismo catalogo de metadatos administrado por Gobierno de Datos y Calidad (EQ04), de modo que un experimento pueda documentarse igual sin importar donde se ejecuto fisicamente."
"DOC-002","Consumo de computo cloud fuera de lo previsto tras un reentrenamiento extendido","registro_incidente","infraestructura_despliegue","cloud","2026-01-22","EQ03","DS07","MD06","EX10","cluster-cloud-elastico","","interno","1.0","vigente","true","costo cloud|computo elastico|entrenamiento intensivo|instancia sin apagar","El 21 de enero, Ciencia de Datos e IA (EQ03) puso en marcha una ronda extendida del experimento EX10 (Pronostico climatico, modelo MD06) sobre el dataset Clima historico regional (DS07), que habia crecido a 65.000 registros tras incorporar series de anos anteriores. Para acelerar el ajuste, el equipo solicito una instancia de computo de mayor capacidad en cluster-cloud-elastico y la dejo activa ""por si hacia falta reintentar"" durante el fin de semana.

El lunes siguiente, Infraestructura y Plataforma (EQ01) reporto un consumo de computo casi cuatro veces superior al promedio mensual habitual para ese componente. La instancia habia permanecido encendida sin carga real durante mas de 60 horas: el entrenamiento habia finalizado el viernes por la tarde, pero nadie libero el recurso.

El incidente no proviene de un error de datos ni de un fallo del modelo, sino de un supuesto operativo: se asumio que la facturacion era equivalente a la de infraestructura propia, donde un servidor encendido sin uso no genera un costo incremental visible. En un entorno elastico contratado por tiempo de uso, cada hora ociosa se paga igual que una hora con carga.

Se registra como antecedente para revisar politicas de apagado automatico y de alertas de consumo antes de autorizar nuevas rondas de entrenamiento sobre cluster-cloud-elastico."
"DOC-003","Decision: las transacciones bancarias permanecen exclusivamente on-premise","decision_arquitectura","infraestructura_despliegue","on_premise","2026-01-29","EQ06","DS05","MD02","","cluster-onprem-seguro","","restringido","1.0","vigente","true","datos sensibles|on-premise|transacciones bancarias|resguardo regulatorio","Seguridad y Cumplimiento (EQ06), en conjunto con Infraestructura y Plataforma (EQ01), formaliza la decision de arquitectura sobre el dataset Transacciones bancarias (DS05) y el modelo Detector de fraude (MD02): ningun fragmento de este dataset, ni las tablas intermedias derivadas de los experimentos EX06 y EX07, puede copiarse, replicarse ni procesarse fuera del cluster propio identificado como cluster-onprem-seguro.

La decision no responde a preferencia tecnica sino a una restriccion externa: el convenio con la entidad financiera que provee los datos exige que la informacion permanezca bajo control fisico directo de la organizacion, con auditoria de acceso y sin transito por redes de terceros, incluidos proveedores de nube publica.

Esto excluye explicitamente cualquier uso futuro de cluster-cloud-elastico para acelerar el entrenamiento de MD02, incluso si el volumen de transacciones (120.000 registros y creciendo) empezara a exigir tiempos de computo mayores. Si la capacidad on-premise resultara insuficiente, la alternativa aceptable es ampliar hardware propio, nunca migrar temporalmente a la nube.

Se deja constancia de que esta restriccion aplica al dato crudo y a cualquier representacion derivada que permita reconstruirlo, incluidos embeddings o fragmentos de texto que citen montos, cuentas o identificadores de clientes. Los informes agregados sin datos identificables si pueden circular por canales analiticos habituales, previa revision de EQ04."
"DOC-004","Minuta: se descarta la consolidacion total en un unico proveedor cloud","minuta_reunion","infraestructura_despliegue","hibrida","2026-02-05","EQ01","","","","","","interno","1.0","vigente","true","reunion|hibrido|cloud total|decision infraestructura","Minuta de reunion - Revision trimestral de infraestructura.
Fecha: 4 de febrero de 2026. Participantes: Infraestructura y Plataforma (EQ01), Ciencia de Datos e IA (EQ03), Gobierno de Datos y Calidad (EQ04).

Motivo: evaluar una propuesta externa para migrar toda la plataforma a un unico proveedor cloud, eliminando el cluster propio.

Puntos tratados:
1. El proveedor ofrecio una tarifa preferencial por consolidar todo el computo bajo su plataforma, incluyendo lo que hoy corre en cluster-onprem-seguro.
2. EQ06 no participo de la reunion pero habia fijado por escrito, en una decision previa, que el dataset de transacciones bancarias (DS05) no puede salir del perimetro propio bajo ninguna condicion comercial.
3. EQ03 senalo que buena parte de su carga es esporadica y se beneficia hoy de cluster-cloud-elastico, pero que otros experimentos con datasets grandes y estables (por ejemplo DS04, sensores industriales) tienen un costo mensual mas previsible corriendo on-premise.
4. EQ01 estimo que migrar toda la carga estable a cloud aumentaria el gasto recurrente entre 30% y 45% frente al esquema actual, sin ninguna ganancia de rendimiento relevante para cargas que no son elasticas por naturaleza.

Conclusion: se rechaza la propuesta de consolidacion total en cloud. Se mantiene el esquema hibrido vigente. Se solicita a EQ01 documentar formalmente los criterios de asignacion on-premise/cloud como referencia para futuras evaluaciones de proveedores."
"DOC-005","PostgreSQL gestionado vs. instancia propia para el warehouse analitico","evaluacion_alternativas","servicios_cloud","gestionado","2026-02-10","EQ01","","","","postgres-warehouse","","interno","1.0","vigente","true","base de datos gestionada|DBaaS|IaaS|extensiones","Infraestructura y Plataforma (EQ01) evalua dos caminos para el motor relacional que sostiene el warehouse analitico, hoy desplegado como postgres-warehouse sobre maquinas virtuales administradas por el propio equipo.

Alternativa A - continuar sobre IaaS propio: el equipo controla version exacta del motor, extensiones instaladas y ventanas de mantenimiento, pero tambien asume backups, parches de seguridad, monitoreo de espacio en disco y recuperacion ante fallas. En los ultimos seis meses, dos incidentes de espacio en disco lleno interrumpieron cargas nocturnas de Oro.

Alternativa B - migrar a un servicio de base de datos gestionado: el proveedor asume backups automaticos, alta disponibilidad y aplicacion de parches, a cambio de una tarifa mensual mas alta y de ceder control sobre algunas configuraciones de bajo nivel, incluida la instalacion de extensiones no soportadas oficialmente por el proveedor.

Este punto es determinante: la practica de la proxima clase depende de instalar una extension de busqueda vectorial sobre este mismo motor. Si el servicio gestionado elegido no soporta esa extension, la migracion quedaria bloqueada para ese caso de uso especifico, aun cuando resuelva los incidentes operativos actuales.

Recomendacion preliminar: sostener IaaS propio para el warehouse actual hasta confirmar soporte de extensiones no estandar en al menos un proveedor gestionado, y reevaluar en el proximo trimestre con esa informacion."
"DOC-006","Aclaracion de glosario: compatibilidad de API S3 no equivale a servicio gestionado","nota_implementacion","servicios_cloud","iaas","2026-02-12","EQ02","","","","minio-datalake","","interno","1.1","vigente","true","almacenamiento de objetos|PaaS|API S3|data lake","Nota de implementacion - Ingenieria de Datos (EQ02).

Se deja registro de una aclaracion conceptual que genero confusion en dos sesiones de onboarding recientes: el componente minio-datalake ofrece una interfaz compatible con la API de objetos S3, pero opera dentro de infraestructura administrada por el propio equipo, no como un servicio contratado a un proveedor externo.

Esto lo ubica funcionalmente mas cerca de un despliegue tipo IaaS que de un servicio de almacenamiento como PaaS completamente externalizado: el equipo sigue siendo responsable de la capacidad de disco subyacente, de la replicacion entre nodos y de la actualizacion de version del software. Lo unico que se abstrae hacia quien consume el almacenamiento es la forma de acceso (comandos y API compatibles con S3), no la operacion de la infraestructura de fondo.

La confusion practica surge porque, desde el punto de vista de quien sube o descarga un objeto Parquet de la capa Plata, la experiencia es indistinguible de usar un proveedor de nube publica. Se recomienda que la documentacion de onboarding distinga explicitamente ""compatibilidad de API"" de ""modelo de servicio"", para que los nuevos integrantes no asuman erroneamente que minio-datalake tiene las garantias operativas (SLA, redundancia geografica) propias de un servicio de almacenamiento gestionado por un tercero.

Esta nota no implica ningun cambio de comportamiento, unicamente actualiza el glosario interno de la plataforma."
"DOC-007","Recomendacion: evaluar servicio gestionado desde el diseno del repositorio documental","recomendacion_tecnica","servicios_cloud","gestionado","2026-02-18","EQ01","","","","postgres-pgvector-docs","","interno","1.0","borrador","true","repositorio documental|busqueda por similitud|servicio gestionado|nuevo componente","Recomendacion tecnica - Infraestructura y Plataforma (EQ01), con revision de Gobierno de Datos y Calidad (EQ04).

Con la incorporacion del nuevo repositorio documental de la plataforma, identificado como postgres-pgvector-docs, se recomienda evaluar desde el diseno inicial un servicio de base de datos gestionado, en lugar de repetir el esquema operativo actual de postgres-warehouse sobre maquinas administradas internamente.

La justificacion es distinta a la del warehouse existente: este componente nuevo almacenara documentos tecnicos, informes, minutas y sus fragmentos vectorizados, con una carga de lectura dominada por busquedas por similitud mas que por cargas analiticas masivas programadas. Un servicio gestionado que ya ofrezca soporte oficial para la extension de busqueda vectorial evitaria que el equipo deba mantener manualmente la compilacion e instalacion de esa extension en cada actualizacion de version del motor.

Se identifican dos riesgos a resolver antes de decidir: primero, confirmar que el proveedor gestionado elegido soporte los tipos de indice necesarios para escalar la busqueda por similitud a medida que crezcan los fragmentos; segundo, estimar el costo de transferencia si los documentos de origen siguen residiendo en minio-datalake y el nuevo componente vive en un proveedor distinto.

Se recomienda una prueba acotada con el conjunto de 30 documentos iniciales antes de comprometer una migracion de mayor escala."
"DOC-008","Los registros de nuevos experimentos se demoran durante la primera semana de cada mes","registro_incidente","oltp_olap","contencion_operativa","2026-02-20","EQ05","","","EX09","postgres-warehouse","","interno","1.0","vigente","true","lentitud|registro de experimentos|reporte mensual|consumo de cpu","Ciencia de Datos e IA (EQ03) reporto que, durante la primera semana de cada mes, el registro de nuevos experimentos tarda entre cinco y ocho veces mas de lo habitual, al punto de que algunas cargas del experimento EX09 (Clasificador de tickets, segunda ronda) llegaron a expirar por tiempo de espera.

Al investigar en conjunto con Analitica de Negocio (EQ05), se identifico que ese mismo periodo coincide con la generacion del reporte mensual de indicadores comerciales, que Analitica de Negocio construye ejecutando consultas de agregacion pesadas -sumas y promedios sobre meses de historial- directamente contra la misma base donde la plataforma registra usuarios, datasets, modelos y experimentos en tiempo real.

Mientras el reporte corre, esas consultas de agregacion consumen buena parte de la capacidad de procesamiento disponible y bloquean recursos que la aplicacion necesita para insertar nuevas filas de experimentos y metricas a medida que se generan. El sintoma no es un error de la aplicacion ni un dato corrupto: es contencion de recursos entre dos tipos de trabajo muy distintos que hoy comparten el mismo motor y las mismas tablas.

Se registra el incidente para analisis posterior, dado que el problema es recurrente y previsible -ocurre el mismo dia del mes- y no depende de un evento excepcional ni de un pico de trafico externo."
"DOC-009","Analisis de causa raiz: contencion de recursos entre el reporte mensual y el registro operativo","analisis_resultados","oltp_olap","contencion_operativa","2026-02-25","EQ01","","","","postgres-warehouse","","interno","1.0","vigente","true","causa raiz|bloqueo de recursos|latencia|cargas concurrentes","Infraestructura y Plataforma (EQ01) realizo un analisis de causa raiz sobre el incidente reportado por Ciencia de Datos e IA a fines de febrero.

Se revisaron los registros de bloqueos y tiempos de espera del motor durante las tres ultimas ejecuciones del reporte mensual de Analitica de Negocio. En los tres casos, el tiempo promedio de insercion de una fila de experimento paso de 40 milisegundos a mas de 2 segundos mientras el reporte estaba en ejecucion, con picos superiores a 9 segundos coincidentes con las consultas de agregacion mas pesadas del reporte.

La causa no es un problema de diseno de tablas ni de indices faltantes: es estructural. Un mismo motor atiende, por un lado, transacciones cortas y frecuentes de alta prioridad (alta de usuarios, datasets, experimentos, metricas, una por vez) y, por otro, consultas largas que recorren y agregan meses de historial en una sola ejecucion. Ambos tipos de trabajo compiten por el mismo bloqueo de tablas y la misma capacidad de procesamiento, y no hay forma de aislarlos sin separar donde corre cada uno.

El analisis concluye que el problema no se resuelve optimizando indices ni reescribiendo el reporte: seguiria compitiendo por los mismos recursos. Se recomienda evaluar una separacion fisica entre el motor que sostiene el registro operativo en tiempo real y el destino donde corren las consultas analiticas de gran volumen, y elevar la conclusion como insumo para una decision de arquitectura."
"DOC-010","Decision: separar formalmente las cargas transaccionales de las analiticas","decision_arquitectura","oltp_olap","separacion_cargas","2026-03-02","EQ01","","","","postgres-warehouse","","interno","1.0","vigente","true","OLTP|OLAP|separacion de cargas|warehouse analitico","Infraestructura y Plataforma (EQ01) e Ingenieria de Datos (EQ02) formalizan la decision derivada del analisis de causa raiz del incidente de contencion de recursos.

Se decide separar formalmente la carga transaccional (OLTP) -alta de usuarios, datasets, modelos, experimentos y metricas en tiempo real- de la carga analitica (OLAP) -agregaciones historicas usadas por reportes e indicadores-. La base operativa continua sirviendo exclusivamente a la aplicacion de registro; el reporte mensual de Analitica de Negocio y cualquier consulta de agregacion equivalente deben ejecutarse exclusivamente contra el warehouse analitico (postgres-warehouse), alimentado por un proceso de carga periodico y no por acceso directo a las tablas operativas.

Esta decision no introduce un componente nuevo: reafirma un limite que ya existia en el diseno de capas Bronce/Plata/Oro, pero que se habia desdibujado porque, en la practica, algunos reportes recientes se habian conectado directamente contra la base operativa por comodidad, saltandose el warehouse.

Se establece como regla general: ningun proceso de reporting o analitica se conecta directamente a la base operativa. Toda consulta agregada o historica debe resolverse contra Oro. Se solicita a Analitica de Negocio migrar el reporte mensual a esa fuente antes del cierre del proximo mes, y a Gobierno de Datos y Calidad incorporar esta regla al catalogo de politicas de acceso."
"DOC-011","Propuesta: replicacion incremental nocturna hacia el warehouse analitico","propuesta_mejora","oltp_olap","replicacion","2026-03-05","EQ02","","","","postgres-warehouse","","interno","1.0","vigente","true","replicacion nocturna|carga incremental|dimensiones y hechos","Propuesta de mejora - Ingenieria de Datos (EQ02).

Para dar cumplimiento a la decision de separar la carga operativa de la analitica, se propone automatizar un proceso de replicacion incremental que copie, cada noche, las altas y modificaciones del dia desde la base operativa hacia las dimensiones y la tabla de hechos del warehouse analitico.

Hoy esa carga se ejecuta de forma manual y a demanda, lo que genero parte del problema: distintas personas ejecutaban consultas directamente contra el origen cuando el proceso de carga a Oro no se habia corrido recientemente. Automatizar la cadencia elimina esa tentacion.

La propuesta contempla tres pasos: primero, un proceso liviano detecta filas nuevas o modificadas desde la ultima ejecucion exitosa; segundo, esas filas se transforman y validan siguiendo las mismas reglas ya usadas para poblar dimensiones y hechos; tercero, la carga se aplica dentro de una transaccion unica, de modo que un reporte nunca vea el warehouse a medio actualizar.

Se estima que este cambio, ademas de resolver la contencion original, mejora la actualidad de los indicadores: hoy el reporte mensual usa datos de hasta cuatro semanas de antiguedad porque la carga a Oro no sigue un cronograma fijo. Con la replicacion nocturna, el desfase maximo esperado baja a un dia."
"DOC-012","Modelo dimensional del warehouse analitico: hechos, dimensiones y tabla puente","informe_tecnico","warehouse_analitico","modelado_dimensional","2026-01-20","EQ02","","","","postgres-warehouse","","interno","1.0","archivado","false","modelo dimensional|hechos y dimensiones|grano|tabla puente","Ingenieria de Datos (EQ02) documenta el modelo dimensional vigente a enero de 2026 para el warehouse analitico de la plataforma.

El esquema define dimensiones descriptivas -fecha, usuario, dataset, experimento, metrica y modelo- y una tabla de hechos que registra una metrica concreta asociada a un experimento en un momento determinado. Dado que un experimento puede involucrar mas de un modelo, y una metrica de origen no siempre identifica a cual de ellos corresponde, se incorpora una tabla puente que resuelve la relacion de muchos a muchos entre experimentos y modelos sin forzar una atribucion inventada dentro del hecho.

El diseno no sigue un esquema estrella puro: algunas dimensiones se relacionan entre si (por ejemplo, un dataset remite al equipo que lo genero), lo que lo aproxima a un esquema copo de nieve parcial. Esta decision prioriza evitar duplicar atributos descriptivos en cada dimension por sobre la simplicidad maxima de un esquema estrictamente estrella.

Se documenta tambien que el grano del hecho -una metrica por experimento y fecha/hora- es la unidad minima de analisis soportada hoy: cualquier consulta que necesite un nivel de detalle menor requeriria extender el modelo, no forzar el actual.

Este informe queda como referencia historica del diseno original; una nota de implementacion posterior documenta una extension aplicada sobre este esquema."
"DOC-013","ETL o ELT para la nueva fuente de eventos de inferencia","evaluacion_alternativas","warehouse_analitico","etl_elt","2026-03-10","EQ02","","","","duckdb-transformer","","interno","1.0","vigente","true","ETL|ELT|transformar antes de cargar|carga cruda","Ingenieria de Datos (EQ02) evalua dos estrategias posibles para incorporar una nueva fuente de eventos de inferencia al pipeline analitico.

Alternativa ETL: transformar, validar y tipar los eventos antes de cargarlos a cualquier destino, usando duckdb-transformer como motor intermedio. Ventaja: el warehouse analitico solo recibe datos ya conformes al modelo dimensional, sin necesidad de limpieza posterior. Desventaja: cualquier error de transformacion detectado tarde obliga a reprocesar desde el origen, y el volumen creciente de eventos hace que ese paso intermedio sea cada vez mas largo.

Alternativa ELT: cargar los eventos crudos, sin transformar, en una capa de aterrizaje equivalente a Bronce y aplicar las transformaciones despues, dentro del mismo motor de destino o en un paso posterior. Ventaja: la carga inicial es mas rapida y no depende de reglas de negocio definidas de antemano; la evidencia original queda disponible para auditoria o reproceso. Desventaja: exige mas capacidad de computo en el destino y posterga la deteccion de errores de calidad.

Dado que los eventos de inferencia crecen en volumen de forma menos predecible que las entidades operativas actuales, y que ya existe una capa Bronce pensada para aterrizar datos sin transformar, se inclina la evaluacion hacia ELT para esta fuente en particular, manteniendo ETL para las cargas hacia Oro que si requieren datos ya validados."
"DOC-014","Duplicados detectados en la tabla de hechos tras un reproceso parcial","reporte_calidad","warehouse_analitico","reconciliacion","2026-03-15","EQ04","","","EX07","postgres-warehouse","","restringido","1.0","vigente","true","reconciliacion|hechos duplicados|reproceso historico","Reporte de calidad - Gobierno de Datos y Calidad (EQ04).

Durante la verificacion mensual de integridad del warehouse analitico se detecto una discrepancia: el total de metricas registradas en la tabla de hechos superaba en 214 filas al total esperado segun el conteo de origen para el mismo periodo.

La causa identificada fue un reproceso parcial ejecutado a mediados de febrero para corregir un error de clasificacion en el experimento EX07 (Fraude v2): el proceso de carga volvio a insertar las metricas de ese experimento sin eliminar previamente las filas ya cargadas en la ejecucion anterior, generando duplicados exactos.

Se verifico que el problema no afecta a otros experimentos ni a otras fechas: esta acotado a un unico reproceso puntual, no es un defecto sistematico del proceso de carga habitual, que si elimina y repuebla dentro de una transaccion cuando corre de forma completa.

Accion correctiva: se identificaron y eliminaron las 214 filas duplicadas mediante clave compuesta de experimento, metrica y fecha/hora. Se recomienda que todo reproceso parcial, aun cuando afecte a un solo experimento, pase por el mismo mecanismo transaccional de eliminar-y-repoblar que ya usa la carga completa, en lugar de ejecutarse como una insercion aislada.

Se deja abierta una tarea de seguimiento para automatizar una verificacion de duplicados posterior a cualquier reproceso manual, antes de dar por cerrada la correccion."
"DOC-015","Extension del modelo dimensional: incorporacion de la dimension equipo","nota_implementacion","warehouse_analitico","modelado_dimensional","2026-04-02","EQ02","","","","postgres-warehouse","","interno","2.0","vigente","true","extension del modelo|nueva dimension|control de version de esquema","Nota de implementacion - Ingenieria de Datos (EQ02).

Se documenta la extension aplicada sobre el modelo dimensional descripto en el informe tecnico de enero (version 1.0, ahora archivada). El esquema original no incluia una dimension de equipo, lo que obligaba a Analitica de Negocio a inferir manualmente que area habia generado cada dataset o modelo cruzando planillas externas al warehouse.

Se incorporo una dimension de equipo y se vinculo tanto a la dimension de dataset como a la de modelo, sin modificar el grano del hecho ni la tabla puente existente entre experimentos y modelos. La carga de esta nueva dimension se resuelve con el mismo mecanismo de eliminar-y-repoblar dentro de transaccion que ya usaban las dimensiones previas.

Se valido, sobre los lotes de datos existentes, que ningun hecho ni participacion previa cambio de valor tras la extension: el cambio es aditivo. Los reportes construidos antes de esta version siguen funcionando sin modificacion; los nuevos reportes de Analitica de Negocio ya pueden filtrar y agrupar indicadores por equipo responsable directamente en el warehouse, sin cruces manuales.

Esta version reemplaza a la anterior como referencia vigente del modelo dimensional. El informe de enero se conserva como registro historico del diseno original, util para entender por que la tabla puente existe y por que el grano del hecho no incluye el modelo directamente."
"DOC-016","Carpetas sin propietario ni descripcion en el almacenamiento de objetos","registro_incidente","data_lake","gobierno_metadatos","2026-02-08","EQ04","DS04","","","minio-datalake","","interno","1.0","vigente","true","archivos sin propietario|sin metadatos|dificultad para encontrar datos","Gobierno de Datos y Calidad (EQ04) reporta una dificultad creciente para orientarse dentro del almacenamiento de objetos de la plataforma.

Al revisar el prefijo de aterrizaje de minio-datalake, se encontraron mas de cuarenta carpetas cuyo nombre no sigue ninguna convencion reconocible, sin un responsable identificable, sin fecha de creacion legible en el nombre y sin ningun archivo de descripcion que indique que contienen o para que experimento se generaron. Varias personas consultadas coincidieron en que ""podrian ser de cultivos o de sensores, pero no estamos seguros"" al ver unicamente el nombre del objeto.

Esto ya genero un costo concreto: dos integrantes distintos de Ciencia de Datos e IA volvieron a generar, en momentos distintos, una extraccion practicamente identica del dataset de sensores industriales (DS04) porque ninguno encontro evidencia de que ya existiera una copia previa procesada.

El problema no es de capacidad de almacenamiento -el volumen ocupado sigue siendo manejable- sino de orientacion: a medida que se acumulan objetos sin metadatos minimos, encontrar lo que ya existe se vuelve mas lento que volver a generarlo desde cero, lo cual multiplica el uso de espacio sin ninguna necesidad real.

Se eleva como incidente para que Gobierno de Datos y Calidad defina requisitos minimos de metadatos antes de que la situacion se agrave con el crecimiento esperado de nuevos datasets."
"DOC-017","Relevamiento de archivos duplicados en el prefijo de aterrizaje","analisis_resultados","data_lake","duplicados","2026-02-14","EQ04","","","","minio-datalake","","interno","1.0","vigente","true","archivos duplicados|huella de contenido|espacio ocupado","Gobierno de Datos y Calidad (EQ04) completo un relevamiento sobre el incidente de orientacion reportado a comienzos de mes, con foco especifico en duplicacion de archivos.

Se calculo una huella de contenido para cada objeto dentro del prefijo de aterrizaje de minio-datalake y se agruparon los que coinciden exactamente. El resultado: 37 pares o grupos de archivos identicos en contenido, aunque con nombres distintos, que en conjunto ocupan un volumen equivalente a casi el 18% del espacio total usado en ese prefijo.

De esos 37 grupos, 22 corresponden a extracciones repetidas del mismo dataset por distintas personas en fechas cercanas, sin que mediara ninguna modificacion real entre una copia y otra. Los 15 restantes corresponden a copias de seguridad manuales que sus autores guardaron ""por las dudas"" antes de una prueba y nunca eliminaron.

Ningun caso corresponde a una corrupcion de datos ni a un error de carga: son duplicados exactos, generados por falta de visibilidad sobre lo que ya existia, tal como se anticipaba en el incidente inicial.

Se concluye que el problema no requiere una solucion tecnica de deduplicacion automatica en esta etapa, sino una politica de nombrado y metadatos que permita a cualquier persona verificar, antes de generar un archivo nuevo, si ya existe una version equivalente. Se eleva esta conclusion como insumo para una decision de gobierno."
"DOC-018","Decision: metadatos obligatorios para todo objeto nuevo del data lake","decision_arquitectura","data_lake","gobierno_metadatos","2026-02-28","EQ04","","","","minio-datalake","","interno","1.0","vigente","true","politica de metadatos|propietario obligatorio|convencion de nombrado","Gobierno de Datos y Calidad (EQ04), con acuerdo de Ingenieria de Datos (EQ02), formaliza una decision de arquitectura sobre el uso del almacenamiento de objetos minio-datalake.

A partir de esta fecha, ningun objeto nuevo puede incorporarse al prefijo de aterrizaje sin tres metadatos obligatorios adjuntos: equipo responsable, fecha de generacion y una descripcion breve del contenido y su proposito. Esta obligacion se aplica a nivel de convencion de nombrado y de un archivo de acompanamiento, no requiere todavia un catalogo centralizado como sistema separado.

La decision responde directamente a los hallazgos recientes: carpetas sin responsable identificable y decenas de archivos duplicados generados por falta de visibilidad sobre lo que ya existia. Exigir estos tres datos minimos no resuelve automaticamente los duplicados ya existentes, pero evita que el problema siga creciendo al mismo ritmo.

Se excluye explicitamente de esta obligacion a los objetos ya existentes con anterioridad a esta decision: su regularizacion se tratara como una iniciativa aparte, dado que requiere identificar retroactivamente propietarios que hoy no constan en ningun lado.

Se establece revision trimestral del cumplimiento: Gobierno de Datos y Calidad auditara una muestra de objetos nuevos cada tres meses y reportara el porcentaje que cumple con los tres metadatos obligatorios."
"DOC-019","Propuesta: regularizacion retroactiva de carpetas huerfanas y duplicados","propuesta_mejora","data_lake","duplicados","2026-03-20","EQ04","","","","minio-datalake","","interno","1.0","vigente","true","regularizacion retroactiva|limpieza de duplicados|responsable retroactivo","Propuesta de mejora - Gobierno de Datos y Calidad (EQ04).

La decision de exigir metadatos obligatorios para objetos nuevos en minio-datalake dejo explicitamente fuera de alcance la regularizacion de los objetos existentes con anterioridad, entre ellos los 37 grupos de archivos duplicados identificados en el analisis de febrero.

Se propone una iniciativa acotada de tres pasos para cerrar esa brecha. Primero, contactar a cada equipo para reconstruir, en la medida de lo posible, quien genero cada carpeta huerfana a partir del historial de acceso disponible; donde no sea posible identificar un responsable, la carpeta se marca como ""sin propietario confirmado"" en lugar de eliminarse sin revision. Segundo, para los 37 grupos de duplicados exactos ya identificados, conservar unicamente la copia con metadatos mas completos y archivar -no eliminar de inmediato- las copias redundantes en un prefijo separado, con un plazo de treinta dias antes de un borrado definitivo. Tercero, incorporar una verificacion automatica que compare la huella de contenido de cada objeto nuevo contra lo ya existente, para advertir antes de que se genere un duplicado exacto.

Se estima que esta limpieza recupera cerca del 18% del espacio ocupado en el prefijo de aterrizaje sin poner en riesgo ningun dato irremplazable, dado que ningun archivo se elimina sin un periodo de gracia previo."
"DOC-020","Warehouse, data lake o lakehouse: evaluacion comparativa para la plataforma","evaluacion_alternativas","lakehouse","comparacion_arquitecturas","2026-04-10","EQ01","","","","","","publico","1.0","vigente","true","warehouse|data lake|lakehouse|eleccion de arquitectura","Infraestructura y Plataforma (EQ01) e Ingenieria de Datos (EQ02) documentan la evaluacion comparativa solicitada por direccion tecnica sobre tres caminos posibles para evolucionar la plataforma de datos.

Sostener y ampliar el warehouse analitico actual: mantiene el modelo dimensional ya probado, con buen desempeno para los reportes e indicadores que hoy consume Analitica de Negocio, pero exige transformar y tipar los datos antes de cargarlos, lo que agrega latencia cuando aparece una fuente nueva y poco estable, como los eventos de inferencia.

Migrar a un data lake puro sobre minio-datalake, sin capa analitica estructurada encima: ofrece flexibilidad maxima para aterrizar cualquier formato sin definir esquema de antemano, pero hoy ya se evidencio, con el incidente de archivos sin metadatos, que esa flexibilidad sin gobierno deriva rapidamente en desorden y dificultad para consultar.

Adoptar una arquitectura de tipo lakehouse, que agregue sobre el almacenamiento de objetos capacidades transaccionales y de catalogo hoy ausentes: resolveria en teoria la tension entre flexibilidad y confiabilidad, pero implica incorporar componentes nuevos (formato de tabla transaccional, catalogo, control de versiones de esquema) que el equipo no opera hoy y que requieren aprendizaje y mantenimiento adicional.

Se concluye que ninguna de las tres opciones es superior en abstracto: la eleccion depende de que problema concreto se busca resolver. Se eleva esta evaluacion como insumo directo para una decision formal, evitando adoptar la alternativa de mayor complejidad por defecto."
"DOC-021","Decision: no adoptar una arquitectura lakehouse completa por ahora","decision_arquitectura","lakehouse","decision_simplicidad","2026-04-14","EQ01","","","","","","interno","1.0","vigente","true","no adoptar lakehouse|complejidad innecesaria|necesidad concreta","Infraestructura y Plataforma (EQ01) resuelve, a partir de la evaluacion comparativa previa, no adoptar por ahora una arquitectura lakehouse completa para la plataforma.

El argumento central no es tecnico sino de necesidad real: hoy no existe ningun caso de uso concreto que requiera transacciones ACID sobre archivos, viajar en el tiempo entre versiones de una tabla o un catalogo unificado entre el almacenamiento de objetos y el warehouse. Los problemas efectivamente reportados en los ultimos meses -contencion entre cargas operativas y analiticas, archivos sin metadatos, duplicados- tienen solucion dentro del esquema actual de warehouse mas data lake organizado por capas, sin incorporar un componente adicional.

Incorporar capacidades de lakehouse ahora significaria mantener un sistema nuevo, con curva de aprendizaje propia, para resolver problemas que ya tienen un camino de solucion mas simple: separacion de cargas OLTP/OLAP para el primero, politica de metadatos obligatorios para el segundo.

Se deja constancia explicita de que esta decision no cierra la puerta a una eventual adopcion futura: si en algun momento aparece una necesidad concreta de versionado de esquema con reproducibilidad exacta, o de consultas analiticas directamente sobre archivos sin pasar por el warehouse, la evaluacion debe repetirse con ese caso de uso puntual como motivador, no como una modernizacion general sin destinatario claro."
"DOC-022","Que elementos de un lakehouse existen hoy en la plataforma y cuales faltan","informe_tecnico","lakehouse","estado_actual","2026-04-18","EQ02","","","","minio-datalake","plata","publico","1.0","vigente","true","parquet|capas medallion|lakehouse incompleto|catalogo","Ingenieria de Datos (EQ02) documenta, para referencia de nuevos integrantes, que elementos de una arquitectura lakehouse estan presentes hoy en la plataforma y cuales no.

Presentes: los datos de la capa Plata se almacenan en formato columnar Parquet sobre minio-datalake, lo que habilita lecturas analiticas mas eficientes que el CSV de origen; la organizacion de datos sigue capas Bronce, Plata y Oro con responsabilidades claras entre ellas; y existe separacion entre el dato crudo inmutable y sus versiones procesadas.

Ausentes: no hay un formato de tabla transaccional que garantice atomicidad, consistencia, aislamiento y durabilidad sobre los archivos Parquet; no existe capacidad de consultar una version anterior de una tabla sin reprocesar manualmente desde Bronce; y no hay un catalogo unificado que permita a alguien externo al equipo descubrir que tablas existen, su esquema y su linaje sin consultar directamente a Ingenieria de Datos.

En consecuencia, el sistema actual reune organizacion y formato de almacenamiento afines a un lakehouse, pero no las garantias transaccionales ni el catalogo que definen a uno completo. Llamarlo lakehouse sin esa aclaracion seria impreciso y podria generar expectativas equivocadas en quien lo consuma, por ejemplo asumiendo que puede recuperar una version anterior de una tabla cuando en realidad esa capacidad no existe hoy."
"DOC-023","Un dashboard mostro cifras desactualizadas por desincronizacion entre capas","recomendacion_tecnica","lakehouse","sincronizacion","2026-04-25","EQ02","","","","postgres-warehouse","oro","interno","1.0","borrador","true","desincronizacion|lake y warehouse|datos desactualizados","Recomendacion tecnica - Ingenieria de Datos (EQ02).

Se detecto, en dos oportunidades durante abril, que un dashboard de Analitica de Negocio mostraba cifras distintas a las que arrojaba una consulta directa sobre los archivos Parquet de la capa Plata para el mismo periodo. La diferencia no se debia a un error de calculo, sino a que el proceso que carga el warehouse analitico desde Plata no se habia ejecutado despues de la ultima actualizacion de esa capa: el dashboard reflejaba una fotografia de varios dias antes.

Esto expone un riesgo estructural: al no existir hoy un mecanismo automatico que dispare la carga del warehouse inmediatamente despues de que Plata se actualiza, ambas capas pueden quedar desalineadas por un periodo indeterminado, y nada dentro de la plataforma avisa cuando eso ocurre.

Se recomienda incorporar una senal explicita de ultima actualizacion exitosa en ambas capas (Plata y Oro), visible para quien construye reportes, de modo que un dashboard pueda advertir si el dato subyacente tiene mas antiguedad de la esperada. Como mejora posterior, se sugiere evaluar disparar la carga del warehouse automaticamente al finalizar la publicacion de Plata, en lugar de depender de una ejecucion manual o programada de forma independiente."
"DOC-024","Inconsistencias de formato detectadas en el perfilado de Bronce","reporte_calidad","arquitectura_medallion","bronce","2026-03-01","EQ02","","","","minio-datalake","bronce","interno","1.0","vigente","true","formatos variables|filas rechazadas|evidencia original","Reporte de calidad - Ingenieria de Datos (EQ02), capa Bronce.

El perfilado del lote incremental mas reciente confirmo, otra vez, la razon por la cual Bronce se trata como evidencia textual sin interpretar: de 210 filas recibidas en los ocho archivos de origen, 34 presentaron algun tipo de inconsistencia de formato antes de llegar a Plata.

Entre los casos encontrados: fechas escritas en al menos tres formatos distintos dentro del mismo archivo; un campo booleano representado como ""Si"", ""SI"", ""true"" y ""1"" segun la fila; valores decimales con coma y con punto conviviendo en la misma columna; y siete filas con una clave de identificacion duplicada respecto de una fila ya cargada en un lote anterior.

Ninguna de estas 34 filas se modifico ni se descarto en Bronce: la capa conserva la evidencia tal como llego, junto con el lote, el archivo y el numero de fila de origen, para que la normalizacion posterior en Plata pueda documentar exactamente que regla aplico a cada caso.

Se destaca un hallazgo adicional: dos de las filas duplicadas no eran identicas entre si en todos sus campos, solo compartian la misma clave. Esto obliga a definir, en el paso de normalizacion, un criterio explicito de cual de las dos versiones prevalece, en lugar de asumir que basta con eliminar una al azar."
"DOC-025","Reglas de normalizacion aplicadas en Plata sobre el lote reciente","nota_implementacion","arquitectura_medallion","plata","2026-03-08","EQ02","","","","minio-datalake","plata","interno","1.0","vigente","true","normalizacion|validacion de reglas|tipado","Nota de implementacion - Ingenieria de Datos (EQ02), capa Plata.

Se documentan las reglas de normalizacion aplicadas sobre las 34 filas con inconsistencias de formato detectadas en el reporte de calidad de Bronce del mismo lote.

Fechas: se reconocieron y convirtieron los tres formatos identificados a un unico formato interno estandar; ninguna fecha ambigua (por ejemplo, un valor donde no puede determinarse con certeza si el primer numero es dia o mes) se normalizo automaticamente, esas filas se marcaron para revision manual en lugar de adivinar.

Booleanos: se mapearon las representaciones equivalentes (""Si"", ""SI"", ""true"", ""1"") a un tipo logico unico; cualquier valor fuera de ese conjunto reconocido se rechaza explicitamente en lugar de interpretarse por aproximacion.

Decimales: se unifico el separador decimal segun el lote de origen declarado, sin mezclar reglas dentro de una misma columna.

Duplicados por clave: para las dos filas con la misma clave pero contenido distinto, se aplico la regla ya definida por Gobierno de Datos y Calidad de conservar la version con fecha de registro mas reciente y descartar la anterior, dejando registrada la decision y ambas versiones en la evidencia de calidad.

Resultado: de las 34 filas con inconsistencias, 29 se normalizaron y pasaron a Plata; 5 quedaron rechazadas con codigo de error explicito, disponibles para revision antes de un eventual reproceso."
"DOC-026","Trazabilidad de un indicador desde Bronce hasta el tablero ejecutivo","informe_tecnico","arquitectura_medallion","oro","2026-03-22","EQ05","","","","postgres-warehouse","oro","interno","1.0","vigente","true","indicadores agregados|trazabilidad|tablero","Analitica de Negocio (EQ05) documenta la trazabilidad completa de uno de los indicadores mas consultados del tablero ejecutivo: la tasa de aceptacion de datos por lote.

El recorrido comienza en Bronce, donde cada fila de origen conserva lote, archivo y numero de fila sin interpretar. En Plata, cada fila recibe un veredicto explicito de aceptacion o rechazo, con un codigo de motivo cuando corresponde. En Oro, el indicador se calcula como la proporcion de filas aceptadas sobre el total recibido, agrupado por entidad y por lote, y se materializa en la tabla de resumen que alimenta directamente el panel del tablero.

Esta cadena permite, ante cualquier valor extrano en el tablero, retroceder paso a paso: desde el numero mostrado en el panel, hacia la fila agregada en Oro que lo produjo, hacia las filas individuales de Plata que la componen, y finalmente hacia la evidencia original en Bronce que dio origen a cada una. Ninguna transformacion intermedia descarta esa cadena de referencia.

Se deja documentado como caso de referencia para el equipo, dado que la pregunta ""de donde sale este numero"" surgio mas de una vez durante revisiones con direccion tecnica, y hasta ahora la respuesta dependia de memoria institucional en lugar de un recorrido documentado y repetible."
"DOC-027","Minuta: reproceso historico por correccion de una regla de normalizacion","minuta_reunion","arquitectura_medallion","reproceso","2026-04-05","EQ02","","","","minio-datalake","plata","interno","1.0","vigente","true","reproceso historico|correccion de regla|reejecucion de capas","Minuta de reunion - Reproceso historico por correccion de regla de normalizacion.
Fecha: 4 de abril de 2026. Participantes: Ingenieria de Datos (EQ02), Gobierno de Datos y Calidad (EQ04).

Motivo: se detecto que la regla de normalizacion de porcentajes aplicada en Plata desde el inicio de la plataforma interpretaba incorrectamente valores expresados como ""87%"" en algunos casos limite, generando una metrica levemente distinta a la esperada en un subconjunto acotado de filas.

Puntos tratados:
1. La regla corregida ya se valido sobre el lote actual y produce los valores esperados en todos los casos de prueba disponibles.
2. Se discutio si corregir solo los datos nuevos hacia adelante o reprocesar tambien el historial ya cargado en Plata y Oro. Se acordo reprocesar el historial completo, dado que el indicador de Oro afectado alimenta comparaciones historicas mes contra mes, y dejar valores inconsistentes entre periodos seria mas confuso que el costo de reprocesar.
3. Bronce no requiere ninguna accion: conserva la evidencia original sin interpretar, por lo que el reproceso parte de ahi sin perdida de informacion.
4. Se define un plan de reproceso: regenerar Plata completa aplicando la regla corregida, y desde ahi repoblar Oro dentro de una transaccion de eliminar-y-repoblar, sin tocar Bronce en ningun momento.

Se acuerda ejecutar el reproceso fuera de horario de consulta habitual del tablero, para evitar que alguien vea un estado intermedio incompleto."
"DOC-028","Crecimiento del volumen de eventos de inferencia por encima de lo dimensionado","informe_tecnico","big_data_costos","volumen_escalabilidad","2026-05-10","EQ01","","MD02","","minio-datalake","","restringido","1.0","vigente","true","crecimiento de eventos|volumen|escalabilidad de almacenamiento","Infraestructura y Plataforma (EQ01) informa sobre el crecimiento del volumen de eventos de inferencia registrados por la plataforma en los ultimos tres meses.

Al incorporarse nuevos modelos en produccion, como Detector de fraude (MD02) y Clasificador de tickets (MD03), cada prediccion individual empezo a generar un evento de registro, algo que no ocurria con los experimentos previos, pensados como corridas puntuales y no como servicio continuo. El volumen diario de estos eventos paso de unos cientos a mas de 400.000 en el ultimo mes, sin que ningun componente haya cambiado su capacidad nominal para absorber ese crecimiento.

El almacenamiento de objetos minio-datalake sigue teniendo espacio disponible, pero el componente que hoy escribe estos eventos fue dimensionado para el volumen de una plataforma de experimentacion, no para el de un servicio de inferencia en produccion con trafico continuo. La velocidad de escritura, mas que el volumen acumulado total, es el factor que empieza a exigir atencion.

Se advierte que, de mantenerse esta tendencia de crecimiento, el componente de escritura de eventos podria convertirse en un cuello de botella dentro de los proximos dos trimestres, no por falta de espacio sino por la cantidad de escrituras por segundo que debe sostener. Se recomienda dimensionar una revision de escalabilidad antes de incorporar un tercer modelo en produccion."
"DOC-029","Heterogeneidad y marcas de tiempo inconsistentes en el flujo de eventos","reporte_calidad","big_data_costos","veracidad_variedad","2026-05-18","EQ04","","","","","","interno","1.0","vigente","true","formatos heterogeneos|eventos inconsistentes|veracidad del dato","Gobierno de Datos y Calidad (EQ04) reporta hallazgos de calidad sobre el flujo de eventos de inferencia mencionado en el informe de crecimiento de volumen.

Al revisar una muestra de 5.000 eventos recientes, se encontro que no todos siguen exactamente la misma estructura: algunos incluyen un campo de confianza del modelo y otros no; algunos registran la version del modelo que genero la prediccion y otros quedaron con ese campo vacio desde que se desplego una actualizacion sin coordinar con el equipo de registro de eventos. Esta variedad de formas dentro de lo que deberia ser un mismo tipo de evento dificulta calcular indicadores agregados de forma confiable.

Ademas, se detectaron 68 eventos con una marca de tiempo posterior al momento en que se registro la fila, lo que es fisicamente imposible y sugiere un desfase de reloj entre distintos servidores que generan eventos, no un error de captura del dato en si.

Ninguno de estos problemas es un caso aislado de un dataset puntual: aparecen distribuidos entre distintos modelos y momentos, lo que indica una causa compartida en la forma en que se generan los eventos, no en un origen de datos especifico. Se recomienda fijar un esquema de evento unico y obligatorio, y sincronizar relojes entre servidores, antes de que el volumen creciente vuelva mas costosa esta limpieza."
"DOC-030","Propuesta de ciclo de vida de datos para reducir costos de almacenamiento y transferencia","propuesta_mejora","big_data_costos","costos","2026-05-28","EQ01","","","","cluster-cloud-elastico","","interno","1.0","borrador","true","costo de almacenamiento|costo de transferencia|ciclo de vida de datos","Propuesta de mejora - Infraestructura y Plataforma (EQ01).

El crecimiento de eventos de inferencia y del historial acumulado en minio-datalake empezo a reflejarse en dos partidas de costo que antes eran marginales: almacenamiento sostenido en el tiempo y transferencia de datos entre el cluster propio y la capacidad cloud elastica utilizada para picos de entrenamiento.

Se propone una politica de ciclo de vida en tres niveles. Nivel 1, datos de los ultimos 30 dias: se mantienen en el almacenamiento de acceso mas rapido, sin cambios respecto de hoy. Nivel 2, entre 31 y 180 dias: se migran a una clase de almacenamiento de menor costo dentro del mismo componente, aceptando tiempos de lectura algo mayores, dado que a esa antiguedad los eventos ya no se consultan en tiempo real sino para analisis puntuales. Nivel 3, mas de 180 dias: se comprimen y consolidan en archivos agregados por mes, reduciendo tanto el espacio ocupado como la cantidad de objetos individuales a listar.

Sobre la transferencia entre entornos, se propone evitar mover datasets completos hacia la capacidad cloud elastica para cada entrenamiento: en su lugar, sincronizar solo las particiones nuevas desde la ultima ejecucion, dado que la mayoria de los reentrenamientos recientes reutilizan datos ya transferidos previamente sin necesidad real de volver a copiarlos completos.

Se estima una reduccion de al menos 25% en el costo combinado de almacenamiento y transferencia dentro de los proximos dos trimestres."
